{
  "type": "page",
  "meta": {
    "id": "GTB5xBH06XugA4pqxMP71",
    "title": "葫芦侠三楼",
    "createDate": 1753715962522,
    "tags": []
  },
  "blocks": {
    "type": "block",
    "id": "cLO94lhj-7",
    "flavour": "affine:page",
    "version": 2,
    "props": {
      "title": {
        "$blocksuite:internal:text$": true,
        "delta": [
          {
            "insert": "葫芦侠三楼"
          }
        ]
      }
    },
    "children": [
      {
        "type": "block",
        "id": "v6ueYFTCsh",
        "flavour": "affine:surface",
        "version": 5,
        "props": {
          "elements": {}
        },
        "children": [
          {
            "type": "block",
            "id": "RZfLX1APNa",
            "flavour": "affine:image",
            "version": 1,
            "props": {
              "caption": "",
              "sourceId": "eDxfQ8Qp9iLtDvwZIDzigtnGJVOWtXWQPUwoAYl04XA=",
              "width": 460,
              "height": 460,
              "index": "a1",
              "xywh": "[629.487116887019,-44.10254845252399,460,460]",
              "lockedBySelf": false,
              "rotate": 0,
              "size": 938821,
              "meta:createdAt": 1753716118999,
              "meta:createdBy": "4bba3926-3e00-4aa5-87b6-c20eaa9448a1",
              "meta:updatedAt": 1753716119000,
              "meta:updatedBy": "4bba3926-3e00-4aa5-87b6-c20eaa9448a1"
            },
            "children": []
          }
        ]
      },
      {
        "type": "block",
        "id": "tGipl4ieha",
        "flavour": "affine:note",
        "version": 1,
        "props": {
          "xywh": "[0,0,498,397.333]",
          "background": {
            "dark": "#252525",
            "light": "#ffffff"
          },
          "index": "a0",
          "lockedBySelf": false,
          "hidden": false,
          "displayMode": "both",
          "edgeless": {
            "style": {
              "borderRadius": 8,
              "borderSize": 4,
              "borderStyle": "none",
              "shadowType": "--affine-note-shadow-box"
            }
          }
        },
        "children": [
          {
            "type": "block",
            "id": "YGK76CojMN",
            "flavour": "affine:paragraph",
            "version": 1,
            "props": {
              "type": "text",
              "text": {
                "$blocksuite:internal:text$": true,
                "delta": [
                  {
                    "insert": "初次使用请在设置里面"
                  },
                  {
                    "insert": "设置成中文",
                    "attributes": {
                      "color": "var(--affine-text-highlight-foreground-red)"
                    }
                  }
                ]
              },
              "collapsed": false,
              "meta:createdAt": 1753715981651,
              "meta:createdBy": "4bba3926-3e00-4aa5-87b6-c20eaa9448a1",
              "meta:updatedAt": 1753716039010,
              "meta:updatedBy": "4bba3926-3e00-4aa5-87b6-c20eaa9448a1"
            },
            "children": []
          },
          {
            "type": "block",
            "id": "c8fiVaFXVR",
            "flavour": "affine:paragraph",
            "version": 1,
            "props": {
              "type": "text",
              "text": {
                "$blocksuite:internal:text$": true,
                "delta": []
              },
              "collapsed": false,
              "meta:createdAt": 1753715995684,
              "meta:createdBy": "4bba3926-3e00-4aa5-87b6-c20eaa9448a1",
              "meta:updatedAt": 1753715995684,
              "meta:updatedBy": "4bba3926-3e00-4aa5-87b6-c20eaa9448a1"
            },
            "children": []
          },
          {
            "type": "block",
            "id": "xJVqFY5ZRo",
            "flavour": "affine:paragraph",
            "version": 1,
            "props": {
              "type": "text",
              "text": {
                "$blocksuite:internal:text$": true,
                "delta": [
                  {
                    "insert": "项目为"
                  },
                  {
                    "insert": "Affine",
                    "attributes": {
                      "background": "var(--affine-text-highlight-red)"
                    }
                  },
                  {
                    "insert": "进行的二次开发"
                  }
                ]
              },
              "collapsed": false,
              "meta:createdAt": 1753715995888,
              "meta:createdBy": "4bba3926-3e00-4aa5-87b6-c20eaa9448a1",
              "meta:updatedAt": 1753716031750,
              "meta:updatedBy": "4bba3926-3e00-4aa5-87b6-c20eaa9448a1"
            },
            "children": []
          },
          {
            "type": "block",
            "id": "ylaf4md6lo",
            "flavour": "affine:paragraph",
            "version": 1,
            "props": {
              "type": "text",
              "text": {
                "$blocksuite:internal:text$": true,
                "delta": [
                  {
                    "insert": "/"
                  }
                ]
              },
              "collapsed": false,
              "meta:createdAt": 1753716032357,
              "meta:createdBy": "4bba3926-3e00-4aa5-87b6-c20eaa9448a1",
              "meta:updatedAt": 1753716074841,
              "meta:updatedBy": "4bba3926-3e00-4aa5-87b6-c20eaa9448a1"
            },
            "children": []
          },
          {
            "type": "block",
            "id": "LibU2Zyl4q",
            "flavour": "affine:attachment",
            "version": 1,
            "props": {
              "name": "Downloads",
              "size": 0,
              "type": "",
              "embed": false,
              "style": "horizontalThin",
              "index": "a0",
              "xywh": "[0,0,0,0]",
              "lockedBySelf": false,
              "rotate": 0,
              "footnoteIdentifier": null,
              "meta:createdAt": 1753716061459,
              "meta:updatedAt": 1753716061460,
              "meta:createdBy": "4bba3926-3e00-4aa5-87b6-c20eaa9448a1",
              "meta:updatedBy": "4bba3926-3e00-4aa5-87b6-c20eaa9448a1"
            },
            "children": []
          }
        ]
      }
    ]
  }
}